School_ID,ISBE_Name,Short_Name,Long_Name,Primary_Category,Zip,Attendance_Boundaries,Student_Count_Total,Student_Count_Low_Income,Low_Income_Pct,Student_Count_Special_Ed,Special_Ed_Pct,Student_Count_English_Learners,English_Learners_Pct,Student_Count_Black,Black_Student_Pct,Student_Count_Hispanic,Hispanic_Student_Pct,Student_Count_White,White_Student_Pct,Student_Count_Asian,Asian_Student_Pct,Student_Count_Native_American,Native_American_Student_Pct,Student_Count_Asian_Pacific_Islander,Asian_Pacific_Islander_Student_Pct,Student_Count_Multi,Multi_Student_Pct,Student_Count_Hawaiian_Pacific_Islander,Hawaiian_Pacific_Islander_Student_Pct,Student_Count_Ethnicity_Not_Available,Ethnicity_Not_Available_Pct,Bilingual_Services,Refugee_Services,Title_1_Eligible,College_Enrollment_Rate_School,Graduation_Rate_School,Overall_Rating,Rating_Status,Network
400085,Acero Chtr Sch Network -  Major Hector P Garcia MD Campus,ACERO - GARCIA HS,Acero Charter Schools - Major Hector P. Garcia MD,HS,60632,0,612,561,91.66666667,108,17.64705882,180,29.41176471,11,1.797385621,591,96.56862745,8,1.307189542,1,0.163398693,1,0.163398693,0,0,0,0,0,0,0,0,,,1,64.2,87.3,Level 1,NOT APPLICABLE,Charter
400149,Acero Chtr Sch Network Victoria Soto Campus,ACERO - SOTO HS,Acero Charter Schools - Victoria Soto,HS,60632,0,515,475,92.23300971,87,16.89320388,171,33.2038835,9,1.747572816,505,98.05825243,1,0.194174757,0,0,0,0,0,0,0,0,0,0,0,0,,,1,72.3,71.4,Level 2+,NOT APPLICABLE,Charter
610513,Air Force Acad High School,AIR FORCE HS,Air Force Academy High School,HS,60609,0,194,161,82.98969072,21,10.82474227,15,7.731958763,89,45.87628866,88,45.36082474,12,6.18556701,1,0.515463918,1,0.515463918,0,0,3,1.546391753,0,0,0,0,0,0,1,62.5,83.7,Level 2+,GOOD STANDING,Network 16
610524,Alcott Humanities High School,ALCOTT HS,Louisa May Alcott College Preparatory HS,HS,60618,0,316,243,76.89873418,67,21.20253165,26,8.227848101,56,17.72151899,209,66.13924051,33,10.44303797,8,2.53164557,2,0.632911392,0,0,5,1.582278481,3,0.949367089,0,0,1,0,1,76.2,92.1,Level 1,GOOD STANDING,
609695,Amundsen High School,AMUNDSEN HS,Roald Amundsen High School,HS,60625,1,1370,946,69.05109489,213,15.54744526,122,8.905109489,139,10.1459854,758,55.32846715,294,21.45985401,131,9.562043796,7,0.510948905,0,0,36,2.627737226,5,0.364963504,0,0,1,1,1,76.6,83.1,Level 1+,GOOD STANDING,ISP
400181,,ART IN MOTION,Art in Motion Charter School,HS,60649,0,202,152,75.24752475,38,18.81188119,0,0,195,96.53465347,3,1.485148515,1,0.495049505,0,0,0,0,0,0,1,0.495049505,0,0,2,0.99009901,,,,,,Inability to Rate,GOOD STANDING,Charter
400172,Aspira Charter - Business and Finance HS,ASPIRA - BUSINESS & FINANCE HS,ASPIRA Business and Finance,HS,60618,0,627,504,80.38277512,136,21.69059011,197,31.41945774,19,3.03030303,582,92.82296651,14,2.232854864,2,0.318979266,1,0.159489633,0,0,5,0.797448166,0,0,4,0.637958533,1,,1,,,Level 2+,NOT APPLICABLE,Charter
400013,ASPIRA Charter - Early College Prep HS,ASPIRA - EARLY COLLEGE HS,ASPIRA Charter School - Early College High School,HS,60618,0,329,308,93.61702128,87,26.443769,119,36.17021277,7,2.127659574,313,95.13677812,4,1.215805471,3,0.911854103,0,0,0,0,2,0.607902736,0,0,0,0,1,0,1,59,69.8,Level 2+,NOT APPLICABLE,Charter
610518,Austin College and Career Academy High School,AUSTIN CCA HS,Austin College and Career Academy High School,HS,60644,0,245,229,93.46938776,77,31.42857143,1,0.408163265,235,95.91836735,7,2.857142857,2,0.816326531,0,0,0,0,0,0,1,0.408163265,0,0,0,0,1,0,1,43.3,64.7,Level 2,INTENSIVE SUPPORT,Network 15
610563,Back of The Yards IB HS,BACK OF THE YARDS HS,Back of the Yards IB HS,HS,60609,0,1067,996,93.34582943,76,7.122774133,135,12.65229616,32,2.999062793,985,92.31490159,11,1.030927835,32,2.999062793,7,0.656044986,0,0,0,0,0,0,0,0,1,,1,84,97.3,Level 1,GOOD STANDING,ISP
609698,Bogan High School,BOGAN HS,William J Bogan High School,HS,60652,1,753,660,87.64940239,156,20.71713147,83,11.02257636,474,62.94820717,266,35.32536521,5,0.664010624,0,0,1,0.132802125,0,0,2,0.26560425,1,0.132802125,4,0.531208499,1,0,1,53.5,78.2,Level 2,INTENSIVE SUPPORT,Network 16
610323,Bowen High School,BOWEN HS,Bowen High School,HS,60617,0,243,222,91.35802469,76,31.27572016,22,9.053497942,198,81.48148148,39,16.04938272,2,0.823045267,0,0,0,0,0,0,2,0.823045267,2,0.823045267,0,0,1,0,1,45.5,57.1,Level 2,INTENSIVE SUPPORT,Network 17
610381,Bronzeville Scholastic HS,BRONZEVILLE HS,Bronzeville Scholastic Academy High School,HS,60615,0,115,111,96.52173913,29,25.2173913,2,1.739130435,111,96.52173913,3,2.608695652,0,0,1,0.869565217,0,0,0,0,0,0,0,0,0,0,0,0,1,69.4,86.1,Level 2,INTENSIVE SUPPORT,Network 17
609726,Brooks College Prep Academy HS,BROOKS HS,Gwendolyn Brooks College Preparatory Academy HS,HS,60628,0,999,697,69.76976977,58,5.805805806,2,0.2002002,793,79.37937938,189,18.91891892,7,0.700700701,0,0,0,0,0,0,7,0.700700701,3,0.3003003,0,0,0,0,1,79.8,94.1,Level 1+,GOOD STANDING,Network 17
610565,,CAMELOT - EXCEL ENGLEWOOD HS,Camelot Excel - Englewood HS,HS,60621,0,276,260,94.20289855,43,15.57971014,2,0.724637681,263,95.28985507,6,2.173913043,1,0.362318841,0,0,0,0,0,0,1,0.362318841,0,0,5,1.811594203,,,1,12.3,20.5,Level 1,GOOD STANDING,Options
400147,Chicago Excel Academy HS,CAMELOT - EXCEL HS,Camelot - Chicago Excel Academy,HS,60643,0,183,173,94.53551913,36,19.67213115,0,0,181,98.90710383,0,0,0,0,0,0,0,0,0,0,0,0,0,0,2,1.092896175,,,1,31.3,28.9,Level 2+,GOOD STANDING,Options
400175,,CAMELOT - EXCEL SOUTHSHORE HS,Camelot Excel - Southshore HS,HS,60649,0,204,182,89.21568627,19,9.31372549,4,1.960784314,148,72.54901961,46,22.54901961,2,0.980392157,0,0,1,0.490196078,0,0,1,0.490196078,0,0,6,2.941176471,,,1,11.4,30.8,Level 2,PROVISIONAL SUPPORT,Options
400176,,CAMELOT - EXCEL SOUTHWEST HS,Camelot Excel - Southwest HS,HS,60629,0,94,87,92.55319149,26,27.65957447,7,7.446808511,70,74.46808511,23,24.46808511,1,1.063829787,0,0,0,0,0,0,0,0,0,0,0,0,,,1,25,0,Level 2+,GOOD STANDING,Options
610573,,CAMELOT - SAFE HS,Camelot Safe HS,HS,60649,0,11,9,81.81818182,6,54.54545455,2,18.18181818,8,72.72727273,3,27.27272727,0,0,0,0,0,0,0,0,0,0,0,0,0,0,,,,,,Level 1+,NOT APPLICABLE,Options
609760,Carver Military Academy HS,CARVER MILITARY HS,George Washington Carver Military Academy HS,HS,60827,0,479,431,89.97912317,31,6.471816284,23,4.801670146,169,35.28183716,303,63.25678497,6,1.252609603,0,0,0,0,0,0,1,0.208768267,0,0,0,0,0,0,1,64,96.2,Level 1,GOOD STANDING,Network 17
400022,Chicago HS for the Arts,CHIARTS HS,Chicago High School for the Arts (ChiArts),HS,60622,0,612,279,45.58823529,40,6.535947712,4,0.653594771,197,32.18954248,240,39.21568627,115,18.79084967,9,1.470588235,2,0.326797386,0,0,8,1.307189542,2,0.326797386,39,6.37254902,0,0,0,80.1,86.1,Level 1,GOOD STANDING,Contract
610340,Chicago Academy High School,CHICAGO ACADEMY HS,Chicago Academy High School,HS,60634,0,566,439,77.56183746,105,18.55123675,76,13.42756184,47,8.303886926,384,67.84452297,99,17.49116608,26,4.593639576,4,0.706713781,0,0,5,0.883392226,1,0.176678445,0,0,0,0,1,78.1,85.1,Level 1,GOOD STANDING,AUSL
609753,Chicago HS for Agricult Sciences,CHICAGO AGRICULTURE HS,Chicago High School for Agricultural Sciences,HS,60655,0,804,347,43.15920398,167,20.77114428,11,1.368159204,373,46.39303483,152,18.90547264,255,31.71641791,2,0.248756219,6,0.746268657,0,0,12,1.492537313,4,0.497512438,0,0,1,0,0,81.3,85.1,Level 1,GOOD STANDING,ISP
400161,,CHICAGO COLLEGIATE,Chicago Collegiate Charter School,HS,60628,0,348,331,95.11494253,66,18.96551724,0,0,335,96.26436782,9,2.586206897,1,0.287356322,0,0,0,0,0,0,2,0.574712644,1,0.287356322,0,0,,,,,,Level 2,NOT APPLICABLE,Charter
400035,,CHICAGO MATH & SCIENCE HS,Chicago Math and Science Academy Charter School,HS,60626,0,602,530,88.03986711,74,12.2923588,155,25.74750831,199,33.05647841,296,49.16943522,35,5.813953488,60,9.966777409,2,0.332225914,0,0,10,1.661129568,0,0,0,0,1,0,1,70.2,86.2,Level 1,NOT APPLICABLE,Charter
609754,Chicago Military Academy HS,CHICAGO MILITARY HS,Chicago Military Academy High School,HS,60653,0,302,262,86.75496689,25,8.278145695,21,6.953642384,190,62.91390728,103,34.10596026,4,1.324503311,1,0.331125828,0,0,0,0,3,0.993377483,0,0,1,0.331125828,1,0,1,70.3,89.8,Level 2+,GOOD STANDING,Network 17
400091,Chicago Technology Academy HS,CHICAGO TECH HS,Chicago Technology Academy High School,HS,60608,0,310,283,91.29032258,75,24.19354839,6,1.935483871,246,79.35483871,58,18.70967742,4,1.290322581,0,0,0,0,0,0,2,0.64516129,0,0,0,0,1,0,1,63.3,88.9,Level 2,PROVISIONAL SUPPORT,
400036,Chicago Virtual Charter School,CHICAGO VIRTUAL,Chicago Virtual Charter School,HS,60607,0,496,348,70.16129032,62,12.5,31,6.25,293,59.07258065,102,20.56451613,49,9.879032258,36,7.258064516,2,0.403225806,0,0,12,2.419354839,2,0.403225806,0,0,1,0,1,50,70.4,Level 2,NOT APPLICABLE,Charter
609674,Chicago Vocational Career Acad HS,CHICAGO VOCATIONAL HS,Chicago Vocational Career Academy High School,HS,60617,1,765,729,95.29411765,213,27.84313725,18,2.352941176,739,96.60130719,19,2.483660131,2,0.261437908,1,0.130718954,1,0.130718954,0,0,3,0.392156863,0,0,0,0,0,0,1,38.1,72.3,Level 2,PROVISIONAL SUPPORT,Network 17
400113,CICS - Quest North Campus,CICS - CHICAGOQUEST HS,CICS - ChicagoQuest North,HS,60610,0,148,120,81.08108108,36,24.32432432,1,0.675675676,134,90.54054054,10,6.756756757,2,1.351351351,1,0.675675676,0,0,0,0,1,0.675675676,0,0,0,0,1,0,1,62.5,80.6,Level 2,NOT APPLICABLE,Charter
400032,CICS - Ralph Ellison Campus,CICS - ELLISON HS,CICS - Ralph Ellison,HS,60620,0,238,216,90.75630252,61,25.6302521,1,0.420168067,237,99.57983193,0,0,0,0,0,0,0,0,0,0,1,0.420168067,0,0,0,0,1,0,1,65.3,79.6,Level 2,NOT APPLICABLE,Charter
400033,CICS - Longwood Campus,CICS - LONGWOOD,CICS - Longwood,HS,60643,0,1254,1128,89.95215311,238,18.97926635,9,0.717703349,1244,99.20255183,7,0.558213716,1,0.079744817,0,0,0,0,0,0,0,0,0,0,2,0.159489633,1,0,1,48.6,85.6,Level 2,NOT APPLICABLE,Charter
400034,CICS - Northtown  Campus,CICS - NORTHTOWN HS,CICS - Northtown,HS,60659,0,893,709,79.39529675,214,23.96416573,158,17.69316909,50,5.599104143,511,57.22284434,165,18.47704367,148,16.57334826,4,0.447928331,0,0,12,1.343784994,2,0.223964166,1,0.111982083,1,0,1,81.5,92.1,Level 1,NOT APPLICABLE,Charter
610244,Clark Acad Prep Magnet High Schl,CLARK HS,Michele Clark Academic Prep Magnet High School,HS,60644,0,523,504,96.36711281,97,18.54684512,11,2.103250478,506,96.74952199,16,3.059273423,0,0,0,0,1,0.191204589,0,0,0,0,0,0,0,0,0,0,1,51.5,83.7,Level 2,PROVISIONAL SUPPORT,ISP
609759,Clemente Community Academy HS,CLEMENTE HS,Roberto Clemente Community Academy High School,HS,60622,1,671,620,92.39940387,174,25.9314456,92,13.71087928,191,28.46497765,453,67.51117735,14,2.086438152,6,0.894187779,4,0.596125186,0,0,2,0.298062593,1,0.149031297,0,0,1,0,1,50,83.3,Level 2,INTENSIVE SUPPORT,Network 15
610499,Collins Academy High School,COLLINS HS,Collins Academy High School,HS,60623,0,222,217,97.74774775,60,27.02702703,1,0.45045045,214,96.3963964,8,3.603603604,0,0,0,0,0,0,0,0,0,0,0,0,0,0,0,0,1,70.4,59.5,Level 2,INTENSIVE SUPPORT,AUSL
609761,Corliss High School,CORLISS HS,George H Corliss High School,HS,60628,0,272,254,93.38235294,86,31.61764706,2,0.735294118,263,96.69117647,6,2.205882353,1,0.367647059,0,0,0,0,0,0,2,0.735294118,0,0,0,0,0,0,1,51.4,67.4,Level 2,INTENSIVE SUPPORT,Network 17
610561,Crane Medical Prep HS,CRANE MEDICAL HS,Richard T Crane Medical Preparatory HS,HS,60612,0,415,355,85.54216867,34,8.192771084,6,1.445783133,327,78.79518072,74,17.8313253,4,0.963855422,3,0.722891566,1,0.240963855,0,0,3,0.722891566,0,0,3,0.722891566,0,0,1,76,89.4,Level 2+,GOOD STANDING,Network 15
609756,Curie Metropolitan High School,CURIE HS,Marie Sklodowska Curie Metropolitan High School,HS,60632,1,2888,2595,89.85457064,331,11.46121884,423,14.6468144,360,12.46537396,2402,83.17174515,48,1.662049861,59,2.042936288,9,0.311634349,0,0,7,0.242382271,2,0.069252078,1,0.034626039,1,0,1,70.3,78.9,Level 2+,GOOD STANDING,Network 15
610402,,DEVRY HS,DeVry University Advantage Academy HS,HS,60640,0,142,94,66.1971831,10,7.042253521,5,3.521126761,47,33.09859155,75,52.81690141,13,9.154929577,6,4.225352113,0,0,0,0,1,0.704225352,0,0,0,0,1,,1,81.1,,Level 1+,GOOD STANDING,Network 14
610564,Disney II Magnet HS,DISNEY II HS,Disney II Magnet High School,HS,60618,0,766,421,54.96083551,86,11.22715405,32,4.177545692,155,20.23498695,397,51.82767624,162,21.14882507,26,3.394255875,2,0.261096606,0,0,24,3.133159269,0,0,0,0,,,1,80.4,81,Level 1,GOOD STANDING,
610245,Douglass Academy High School,DOUGLASS HS,Frederick A Douglass Academy High School,HS,60644,0,61,58,95.08196721,20,32.78688525,1,1.639344262,56,91.80327869,4,6.557377049,1,1.639344262,0,0,0,0,0,0,0,0,0,0,0,0,1,,1,28.1,64,Level 2,INTENSIVE SUPPORT,Network 15
609676,Dunbar Vocational Career Acad HS,DUNBAR HS,Paul Laurence Dunbar Career Academy High School,HS,60616,0,348,346,99.42528736,84,24.13793103,7,2.011494253,330,94.82758621,14,4.022988506,2,0.574712644,0,0,0,0,0,0,1,0.287356322,1,0.287356322,0,0,0,0,1,57.6,67,Level 2,INTENSIVE SUPPORT,Network 17
610587, ,DYETT ARTS HS,Walter Henri Dyett High School for the Arts,HS,60615,0,609,535,87.84893268,85,13.95730706,3,0.492610837,587,96.38752053,14,2.298850575,4,0.65681445,0,0,0,0,0,0,3,0.492610837,0,0,1,0.164203612,,,,,,Level 2+,GOOD STANDING,Network 17
610592,,ENGLEWOOD STEM HS,Englewood STEM High School,HS,60621,1,419,416,99.28400955,93,22.19570406,12,2.863961814,390,93.07875895,25,5.966587112,3,0.715990453,0,0,0,0,0,0,1,0.238663484,0,0,0,0,,,,,,Inability to Rate,GOOD STANDING,Network 16
400094,EPIC Academy High School,EPIC HS,EPIC Academy Charter High School,HS,60617,0,516,488,94.57364341,108,20.93023256,71,13.75968992,319,61.82170543,173,33.52713178,4,0.775193798,0,0,0,0,0,0,7,1.356589147,0,0,13,2.519379845,1,0,1,78.3,76.6,Level 2+,NOT APPLICABLE,Charter
609704,Farragut Career Academy HS,FARRAGUT HS,David G Farragut Career Academy High School,HS,60623,1,559,555,99.28443649,145,25.9391771,159,28.44364937,66,11.80679785,484,86.58318426,9,1.610017889,0,0,0,0,0,0,0,0,0,0,0,0,1,0,1,54.5,68.9,Level 2+,GOOD STANDING,Network 16
609705,Fenger Academy High School,FENGER HS,Christian Fenger Academy High School,HS,60628,0,262,248,94.65648855,51,19.46564885,0,0,254,96.94656489,4,1.526717557,0,0,0,0,0,0,0,0,2,0.763358779,1,0.381679389,1,0.381679389,1,0,1,44.4,70.6,Level 2,INTENSIVE SUPPORT,Network 17
609708,Foreman High School,FOREMAN HS,Edwin G. Foreman College and Career Academy,HS,60641,1,705,658,93.33333333,162,22.9787234,248,35.17730496,128,18.15602837,539,76.45390071,29,4.113475177,3,0.425531915,4,0.567375887,0,0,2,0.283687943,0,0,0,0,1,1,1,58.1,66.2,Level 2,INTENSIVE SUPPORT,Network 14
400171,,FOUNDATIONS,Foundations College Preparatory Charter School,HS,60643,0,195,182,93.33333333,43,22.05128205,2,1.025641026,191,97.94871795,2,1.025641026,0,0,0,0,1,0.512820513,0,0,1,0.512820513,0,0,0,0,,,1,,,Level 2,NOT APPLICABLE,Charter
609709,Gage Park High School,GAGE PARK HS,Gage Park High School,HS,60629,0,327,321,98.16513761,68,20.79510703,95,29.05198777,105,32.11009174,219,66.97247706,1,0.305810398,0,0,0,0,0,0,1,0.305810398,1,0.305810398,0,0,1,1,1,42.9,72.2,Level 2,INTENSIVE SUPPORT,Network 16
610558,Goode STEM Academy HS,GOODE HS,Sarah E. Goode STEM Academy,HS,60652,0,923,808,87.54062839,146,15.81798483,104,11.26760563,384,41.60346696,523,56.66305525,5,0.541711809,1,0.108342362,3,0.325027086,0,0,6,0.650054171,1,0.108342362,0,0,1,0,1,66.5,91.8,Level 2+,GOOD STANDING,Network 16
609769,,GRAHAM HS,Ray Graham Training Center High School,HS,60616,0,151,142,94.0397351,151,100,51,33.77483444,74,49.00662252,62,41.05960265,6,3.973509934,7,4.635761589,0,0,0,0,2,1.324503311,0,0,0,0,1,,1,10.7,,Inability to Rate,GOOD STANDING,Network 14
609694,Hancock College Preparatory HS,HANCOCK HS,John Hancock College Preparatory High School,HS,60629,1,1008,803,79.66269841,25,2.48015873,9,0.892857143,18,1.785714286,940,93.25396825,34,3.373015873,9,0.892857143,5,0.496031746,0,0,1,0.099206349,1,0.099206349,0,0,1,0,1,77.2,87.2,Level 1+,GOOD STANDING,Network 15
609710,Harlan Community Academy HS,HARLAN HS,John M Harlan Community Academy High School,HS,60628,1,295,284,96.27118644,77,26.10169492,1,0.338983051,288,97.62711864,5,1.694915254,0,0,0,0,0,0,0,0,1,0.338983051,0,0,1,0.338983051,0,0,1,48.4,62.3,Level 2,INTENSIVE SUPPORT,Network 17
609711,,HARPER HS,William Rainey Harper High School,HS,60636,1,46,42,91.30434783,13,28.26086957,1,2.173913043,44,95.65217391,2,4.347826087,0,0,0,0,0,0,0,0,0,0,0,0,0,0,0,0,1,46.4,67.7,Level 2,INTENSIVE SUPPORT,Network 16
609712,Hirsch Metropolitan High School,HIRSCH HS,Emil G Hirsch Metropolitan High School,HS,60619,1,104,99,95.19230769,45,43.26923077,2,1.923076923,100,96.15384615,2,1.923076923,0,0,0,0,1,0.961538462,0,0,1,0.961538462,0,0,0,0,0,0,1,28.9,57.5,Level 2,INTENSIVE SUPPORT,Network 17
609741,Hubbard High School,HUBBARD HS,Gurdon S Hubbard High School,HS,60629,1,1628,1549,95.14742015,228,14.004914,318,19.53316953,100,6.142506143,1485,91.21621622,31,1.904176904,2,0.122850123,5,0.307125307,0,0,4,0.245700246,0,0,1,0.061425061,1,0,1,68.5,83.1,Level 2+,GOOD STANDING,Network 16
609713,Hyde Park Academy High School,HYDE PARK HS,Hyde Park Academy High School,HS,60637,1,711,702,98.73417722,145,20.39381153,6,0.843881857,704,99.01547117,4,0.562587904,0,0,0,0,0,0,0,0,3,0.421940928,0,0,0,0,0,0,1,61.4,75.1,Level 2,PROVISIONAL SUPPORT,Network 17
610384,Infinity Math  Science & Tech HS,INFINITY HS,Infinity Math Science and Technology High School,HS,60623,1,380,364,95.78947368,51,13.42105263,64,16.84210526,5,1.315789474,374,98.42105263,0,0,1,0.263157895,0,0,0,0,0,0,0,0,0,0,1,0,1,73.4,93.5,Level 1,GOOD STANDING,ISP
400104,IHSCA Charter High School,INSTITUTO - HEALTH,Instituto Health Sciences Career Academy,HS,60608,0,623,608,97.59229535,123,19.74317817,193,30.97913323,11,1.76565008,607,97.4317817,1,0.160513644,0,0,3,0.481540931,0,0,0,0,0,0,1,0.160513644,1,0,1,48.7,86.2,Level 2,NOT APPLICABLE,Charter
400164,IJLA Charter High School,INSTITUTO - LOZANO HS,Instituto - Justice Lozano,HS,60608,0,98,96,97.95918367,19,19.3877551,29,29.59183673,0,0,98,100,0,0,0,0,0,0,0,0,0,0,0,0,0,0,1,,,31.3,,Level 2+,NOT APPLICABLE,Options
400162,Intrinsic Charter High School,INTRINSIC HS,Intrinsic Charter School,HS,60641,0,1005,876,87.1641791,193,19.2039801,148,14.72636816,36,3.582089552,930,92.53731343,32,3.184079602,3,0.298507463,0,0,0,0,1,0.099502488,0,0,3,0.298507463,1,0,1,80.1,87.1,Level 1,NOT APPLICABLE,Charter
609783,,JEFFERSON HS,Nancy B Jefferson Alternative HS,HS,60612,0,175,149,85.14285714,75,42.85714286,12,6.857142857,137,78.28571429,35,20,3,1.714285714,0,0,0,0,0,0,0,0,0,0,0,0,,,1,,5.2,Inability to Rate,GOOD STANDING,Network 16
609678,Jones College Prep High School,JONES HS,William Jones College Preparatory High School,HS,60605,0,1958,686,35.03575077,100,5.107252298,21,1.072522983,227,11.59346272,550,28.08988764,725,37.02757916,275,14.04494382,2,0.102145046,2,0.102145046,71,3.626149132,16,0.817160368,90,4.596527068,0,0,0,86.4,96.3,Level 1+,GOOD STANDING,ISP
609764,Juarez Community Academy HS,JUAREZ HS,Benito Juarez Community Academy High School,HS,60608,1,1717,1605,93.47699476,284,16.54047758,370,21.54921374,45,2.62085032,1625,94.64181712,17,0.99009901,11,0.640652301,6,0.349446709,0,0,6,0.349446709,0,0,7,0.407687828,1,1,1,62.8,82,Level 2+,GOOD STANDING,ISP
609762,Julian High School,JULIAN HS,Percy L Julian High School,HS,60643,1,379,350,92.34828496,100,26.38522427,1,0.263852243,372,98.1530343,6,1.583113456,0,0,0,0,0,0,0,0,1,0.263852243,0,0,0,0,0,0,1,55.9,78.2,Level 2,INTENSIVE SUPPORT,Network 16
609715,Thomas Kelly College Preparatory,KELLY HS,Thomas Kelly College Preparatory,HS,60632,1,1740,1622,93.2183908,316,18.16091954,521,29.94252874,66,3.793103448,1380,79.31034483,34,1.954022989,244,14.02298851,5,0.287356322,0,0,8,0.459770115,3,0.172413793,0,0,1,0,1,66.7,67,Level 2+,GOOD STANDING,Network 16
609716,Kelvyn Park High School,KELVYN PARK HS,Kelvyn Park High School,HS,60639,1,419,404,96.42004773,101,24.10501193,137,32.69689737,30,7.159904535,375,89.49880668,8,1.909307876,1,0.238663484,2,0.477326969,0,0,2,0.477326969,1,0.238663484,0,0,1,0,1,39.7,59.3,Level 2,INTENSIVE SUPPORT,Network 14
609718,Kennedy High School,KENNEDY HS,John F Kennedy High School,HS,60638,1,1546,1070,69.21086675,293,18.95213454,156,10.09055627,34,2.199223803,1184,76.5847348,291,18.82276843,12,0.776196636,13,0.84087969,0,0,8,0.517464424,1,0.064683053,3,0.194049159,1,0,1,71.1,79.3,Level 2+,GOOD STANDING,Network 16
609746,Kenwood Academy High School,KENWOOD HS,Kenwood Academy High School,HS,60615,1,2021,1168,57.7931717,123,6.086095992,22,1.088570015,1734,85.79910935,98,4.849084612,92,4.55220188,46,2.27610094,3,0.148441366,0,0,44,2.17714003,4,0.197921821,0,0,1,0,1,78.1,93.3,Level 1+,GOOD STANDING,Network 17
609751,King College Prep High School,KING HS,Dr  Martin Luther King  Jr  College Prep HS,HS,60653,0,483,402,83.22981366,61,12.62939959,7,1.449275362,461,95.44513458,13,2.691511387,1,0.207039337,2,0.414078675,1,0.207039337,0,0,5,1.035196687,0,0,0,0,0,0,1,86.3,96.9,Level 1,GOOD STANDING,Network 17
609719,Lake View High School,LAKE VIEW HS,Lake View High School,HS,60613,1,1286,983,76.43856921,229,17.80715397,119,9.253499222,131,10.18662519,911,70.83981337,153,11.89735614,41,3.188180404,10,0.777604977,0,0,35,2.721617418,5,0.388802488,0,0,1,0,1,76.2,86.9,Level 2+,GOOD STANDING,Network 14
609720,Lane Technical High School,LANE TECH HS,Albert G Lane Technical High School,HS,60618,0,4477,1813,40.49586777,211,4.71297744,37,0.826446281,335,7.482689301,1727,38.57493857,1764,39.40138486,463,10.34174671,19,0.424391333,0,0,126,2.814384633,30,0.670091579,13,0.290373018,0,0,0,89.3,96.6,Level 1+,GOOD STANDING,Network 14
400119,Legal Prep Academy Charter HS,LEGAL PREP HS,Legal Prep Charter Academy,HS,60624,0,279,263,94.26523297,59,21.14695341,0,0,277,99.28315412,1,0.358422939,0,0,0,0,1,0.358422939,0,0,0,0,0,0,0,0,0,0,1,48.9,71.8,Level 2,NOT APPLICABLE,Charter
609738,Lincoln Park High School,LINCOLN PARK HS,Lincoln Park High School,HS,60614,1,2188,1028,46.98354662,211,9.643510055,58,2.650822669,461,21.06946984,712,32.54113346,665,30.39305302,253,11.5630713,4,0.182815356,0,0,89,4.067641682,4,0.182815356,0,0,1,0,0,87.4,89.3,Level 1,GOOD STANDING,Network 14
610391,,LINDBLOM HS,Robert Lindblom Math & Science Academy HS,HS,60636,0,1356,846,62.38938053,72,5.309734513,26,1.91740413,943,69.54277286,350,25.81120944,43,3.171091445,11,0.81120944,4,0.294985251,0,0,5,0.368731563,0,0,0,0,0,0,1,89.4,95.8,Level 1+,GOOD STANDING,Network 16
400137,,LITTLE BLACK PEARL HS,Little Black Pearl Art and Design Academy,HS,60653,0,128,84,65.625,29,22.65625,0,0,126,98.4375,0,0,0,0,0,0,0,0,0,0,2,1.5625,0,0,0,0,,,1,68.8,48.4,Level 1,GOOD STANDING,Options
609722,Manley Career Academy High School,MANLEY HS,Manley Career Academy High School,HS,60612,1,87,81,93.10344828,39,44.82758621,0,0,83,95.40229885,3,3.448275862,1,1.149425287,0,0,0,0,0,0,0,0,0,0,0,0,0,0,1,55.2,43.9,Level 2,INTENSIVE SUPPORT,Network 15
609780,Marshall Metropolitan High School,MARINE LEADERSHIP AT AMES HS,Marine Leadership Academy at Ames,HS,60647,0,825,785,95.15151515,79,9.575757576,162,19.63636364,12,1.454545455,795,96.36363636,12,1.454545455,3,0.363636364,1,0.121212121,0,0,2,0.242424242,0,0,0,0,1,,1,57.4,90.3,Level 1,GOOD STANDING,ISP
609723,,MARSHALL HS,John Marshall Metropolitan High School,HS,60624,1,258,254,98.4496124,70,27.13178295,1,0.387596899,253,98.0620155,5,1.937984496,0,0,0,0,0,0,0,0,0,0,0,0,0,0,0,0,1,34.6,66.4,Level 2,INTENSIVE SUPPORT,Network 15
609724,Mather High School,MATHER HS,Stephen T Mather High School,HS,60659,1,1517,1299,85.62953197,233,15.3592617,424,27.94990112,219,14.43638761,632,41.66117337,227,14.96374423,400,26.36783125,9,0.593276203,0,0,19,1.252471984,11,0.725115359,0,0,1,1,1,74.3,79.1,Level 1,GOOD STANDING,Network 14
609725,,MORGAN PARK HS,Morgan Park High School,HS,60643,1,1111,925,83.25832583,154,13.86138614,4,0.360036004,1081,97.29972997,17,1.530153015,5,0.450045005,0,0,0,0,0,0,6,0.540054005,0,0,2,0.180018002,0,0,1,76,77.6,Level 2+,GOOD STANDING,Network 16
610385,Multicultural Acad of Scholarshp HS,MULTICULTURAL HS,Multicultural Academy of Scholarship,HS,60623,1,220,209,95,69,31.36363636,63,28.63636364,40,18.18181818,177,80.45454545,3,1.363636364,0,0,0,0,0,0,0,0,0,0,0,0,1,0,1,61.4,79.2,Level 2+,GOOD STANDING,Network 15
400170,Noble St Chtr-The Noble Academy,NOBLE - ACADEMY HS,Noble - The Noble Academy,HS,60610,0,478,401,83.89121339,73,15.27196653,55,11.50627615,196,41.0041841,245,51.25523013,6,1.255230126,24,5.020920502,2,0.418410042,0,0,3,0.627615063,0,0,2,0.418410042,1,1,1,91.5,81.1,Level 1+,NOT APPLICABLE,Charter
400157,Noble St Chtr-Baker Campus,NOBLE - BAKER HS,Noble - Baker College Prep,HS,60617,0,200,185,92.5,43,21.5,29,14.5,155,77.5,38,19,4,2,0,0,1,0.5,0,0,1,0.5,1,0.5,0,0,0,0,1,83.6,81.1,Level 2+,NOT APPLICABLE,Charter
400097,Noble St Chtr-Chicago Bulls Prep,NOBLE - BULLS HS,Noble - Chicago Bulls College Prep,HS,60612,0,1135,1000,88.10572687,188,16.56387665,128,11.27753304,364,32.07048458,749,65.99118943,4,0.352422907,6,0.528634361,3,0.264317181,0,0,3,0.264317181,1,0.088105727,5,0.440528634,0,0,1,89.8,87.3,Level 1+,NOT APPLICABLE,Charter
400156,Noble St Chtr-Butler College Prep - Crimson,NOBLE - BUTLER HS,Noble - Butler College Prep,HS,60628,0,622,564,90.67524116,129,20.73954984,13,2.090032154,580,93.24758842,35,5.627009646,1,0.160771704,0,0,0,0,0,0,3,0.482315113,1,0.160771704,2,0.321543408,0,0,,85.6,78.8,Level 2+,NOT APPLICABLE,Charter
400052,,NOBLE - COMER,Noble - Gary Comer College Prep,HS,60619,0,1141,905,79.31638913,190,16.6520596,13,1.139351446,1106,96.93251534,24,2.103418054,1,0.087642419,1,0.087642419,1,0.087642419,0,0,3,0.262927257,0,0,5,0.438212095,1,0,1,86.4,85,Level 1,NOT APPLICABLE,Charter
400118,Noble St Chtr-DRW Trading College Prep,NOBLE - DRW HS,Noble - DRW College Prep,HS,60624,0,286,262,91.60839161,92,32.16783217,1,0.34965035,272,95.1048951,12,4.195804196,1,0.34965035,0,0,0,0,0,0,1,0.34965035,0,0,0,0,0,0,1,80.6,67.2,Level 2,NOT APPLICABLE,Charter
400053,Noble St Chtr-Golder College Prep,NOBLE - GOLDER HS,Noble - Golder College Prep,HS,60642,0,634,579,91.32492114,110,17.35015773,87,13.72239748,106,16.7192429,496,78.23343849,17,2.681388013,2,0.315457413,1,0.157728707,0,0,5,0.788643533,0,0,7,1.104100946,1,0,1,91,85.2,Level 1+,NOT APPLICABLE,Charter
400117,Noble St Chtr-Hansberry College Prep - Silver,NOBLE - HANSBERRY HS,Noble - Hansberry College Prep,HS,60620,0,490,419,85.51020408,100,20.40816327,7,1.428571429,483,98.57142857,4,0.816326531,1,0.204081633,0,0,0,0,0,0,0,0,0,0,2,0.408163265,0,0,1,80.3,86.9,Level 2+,NOT APPLICABLE,Charter
400169,Noble St Chtr-ITW Speer Acad,NOBLE - ITW SPEER HS,Noble - ITW David Speer Academy,HS,60639,0,1004,906,90.23904382,180,17.92828685,148,14.74103586,115,11.45418327,870,86.65338645,12,1.195219124,0,0,2,0.199203187,0,0,3,0.298804781,0,0,2,0.199203187,1,,1,79.9,85.1,Level 1+,NOT APPLICABLE,Charter
400106,Noble St Chtr-Johnson College Prep,NOBLE - JOHNSON HS,Noble - John and Eunice Johnson College Prep,HS,60621,0,607,571,94.06919275,142,23.3937397,3,0.494233937,581,95.71663921,22,3.624382208,1,0.164744646,0,0,2,0.329489292,0,0,1,0.164744646,0,0,0,0,0,0,1,75.7,72,Level 2,NOT APPLICABLE,Charter
400179,,NOBLE - MANSUETO HS,Noble Mansueto High School,HS,60632,0,1013,929,91.70779862,177,17.47285291,239,23.59328727,10,0.987166831,976,96.34748272,10,0.987166831,15,1.480750247,1,0.098716683,0,0,0,0,1,0.098716683,0,0,1,1,1,,,Level 1+,NOT APPLICABLE,Charter
400098,Noble St Chtr-Muchin College Prep,NOBLE - MUCHIN HS,Noble - Muchin College Prep,HS,60602,0,960,804,83.75,120,12.5,68,7.083333333,271,28.22916667,644,67.08333333,3,0.3125,34,3.541666667,2,0.208333333,0,0,5,0.520833333,0,0,1,0.104166667,1,0,1,90,93.9,Level 1+,NOT APPLICABLE,Charter
400051,Noble St Chtr-Noble Campus,NOBLE - NOBLE HS,Noble - Noble College Prep,HS,60642,0,683,572,83.74816984,104,15.22693997,103,15.08052709,82,12.00585652,575,84.18740849,13,1.903367496,7,1.02489019,4,0.585651537,0,0,2,0.292825769,0,0,0,0,1,0,1,86.5,91.4,Level 1+,NOT APPLICABLE,Charter
400054,Noble St Chtr-Pritzker College Prep,NOBLE - PRITZKER HS,Noble - Pritzker College Prep,HS,60639,0,967,916,94.72595657,107,11.06514995,145,14.99482937,36,3.722854188,918,94.9327818,8,0.827300931,1,0.103412616,3,0.310237849,0,0,1,0.103412616,0,0,0,0,0,0,1,86.8,89.1,Level 1+,NOT APPLICABLE,Charter
400055,Noble St Chtr Rauner College Prep,NOBLE - RAUNER HS,Noble - Rauner College Prep,HS,60642,0,618,514,83.17152104,102,16.50485437,76,12.29773463,137,22.16828479,456,73.78640777,15,2.427184466,1,0.161812298,1,0.161812298,0,0,3,0.485436893,0,0,5,0.809061489,1,0,1,80.6,90.3,Level 1+,NOT APPLICABLE,Charter
400056,Noble St Chtr-Rowe-Clark MS Acad,NOBLE - ROWE CLARK HS,Noble - Rowe-Clark Math and Science Academy,HS,60651,0,399,362,90.72681704,103,25.81453634,16,4.010025063,325,81.45363409,65,16.29072682,3,0.751879699,0,0,2,0.501253133,0,0,3,0.751879699,0,0,1,0.250626566,1,0,1,74.6,78.8,Level 1,NOT APPLICABLE,Charter
400057,Noble St Chtr-UIC College Prep,NOBLE - UIC HS,Noble - UIC College Prep,HS,60608,0,945,804,85.07936508,139,14.70899471,98,10.37037037,275,29.1005291,618,65.3968254,13,1.375661376,33,3.492063492,2,0.211640212,0,0,3,0.317460317,1,0.105820106,0,0,1,0,1,91.9,91.1,Level 1+,NOT APPLICABLE,Charter
400058,North Lawndale Prep Chtr - Christiana,NORTH LAWNDALE - CHRISTIANA HS,North Lawndale College Prep - Christiana,HS,60623,0,315,266,84.44444444,58,18.41269841,0,0,307,97.46031746,4,1.26984127,1,0.317460317,0,0,0,0,0,0,0,0,0,0,3,0.952380952,1,0,1,60.8,72,Level 2,NOT APPLICABLE,Charter
400059,North Lawndale Prep Chtr-Collins,NORTH LAWNDALE - COLLINS HS,North Lawndale College Prep - Collins,HS,60623,0,400,383,95.75,68,17,0,0,388,97,4,1,0,0,0,0,0,0,0,0,2,0.5,0,0,6,1.5,1,0,1,64.2,72.9,Level 2+,NOT APPLICABLE,Charter
609691,North-Grand High School,NORTH-GRAND HS,North-Grand High School,HS,60639,1,1010,944,93.46534653,195,19.30693069,269,26.63366337,173,17.12871287,821,81.28712871,5,0.495049505,3,0.297029703,5,0.495049505,0,0,3,0.297029703,0,0,0,0,1,0,1,67.9,80.4,Level 2+,GOOD STANDING,Network 15
609744,Northside College Preparatory Hs,NORTHSIDE LEARNING HS,Northside Learning Center High School,HS,60659,0,233,192,82.40343348,233,100,81,34.7639485,43,18.45493562,129,55.36480687,44,18.88412017,11,4.721030043,2,0.858369099,0,0,4,1.716738197,0,0,0,0,1,,1,0,0,Inability to Rate,GOOD STANDING,Network 14
609749,Ogden Int High School,NORTHSIDE PREP HS,Northside College Preparatory High School,HS,60625,0,1077,460,42.71123491,52,4.828226555,7,0.649953575,72,6.685236769,319,29.61931291,340,31.56917363,214,19.87000929,4,0.371402043,7,0.649953575,42,3.899721448,5,0.464252553,74,6.87093779,0,0,0,93.7,98.8,Level 1+,GOOD STANDING,ISP
610529,,OGDEN HS,Ogden International High School,HS,60642,0,630,420,66.66666667,73,11.58730159,15,2.380952381,276,43.80952381,242,38.41269841,74,11.74603175,17,2.698412698,2,0.317460317,0,0,18,2.857142857,1,0.158730159,0,0,0,0,1,88.1,94.5,Level 1,GOOD STANDING,
610569,,OMBUDSMAN - NORTHWEST HS,Ombudsman Chicago- Northwest,HS,60631,0,278,248,89.20863309,59,21.22302158,50,17.98561151,19,6.834532374,161,57.91366906,61,21.94244604,22,7.913669065,4,1.438848921,0,0,11,3.956834532,0,0,0,0,1,,1,28.8,11.4,Level 2,NOT APPLICABLE,Options
610593,,OMBUDSMAN - ROSELAND HS,Ombudsman Chicago - Roseland HS,HS,60628,0,152,136,89.47368421,28,18.42105263,1,0.657894737,148,97.36842105,3,1.973684211,1,0.657894737,0,0,0,0,0,0,0,0,0,0,0,0,,,,,,Inability to Rate,GOOD STANDING,Options
610570,,OMBUDSMAN - SOUTH HS,Ombudsman Chicago - South,HS,60636,0,509,485,95.2848723,92,18.07465619,40,7.858546169,266,52.25933202,229,44.99017682,11,2.161100196,0,0,1,0.196463654,0,0,1,0.196463654,0,0,1,0.196463654,1,,1,22.1,5.5,Level 2,NOT APPLICABLE,Options
610571,,OMBUDSMAN - WEST HS,Ombudsman Chicago- West,HS,60612,0,363,337,92.83746556,85,23.41597796,21,5.785123967,236,65.0137741,116,31.95592287,5,1.377410468,0,0,1,0.275482094,0,0,4,1.101928375,1,0.275482094,0,0,1,0,1,13.6,8.1,Level 2,NOT APPLICABLE,Options
610389,Orr Academy High School,ORR HS,Orr Academy High School,HS,60624,1,234,224,95.72649573,49,20.94017094,7,2.991452991,207,88.46153846,25,10.68376068,2,0.854700855,0,0,0,0,0,0,0,0,0,0,0,0,1,0,1,38.3,31.6,Level 3,INTENSIVE SUPPORT,AUSL
610557,,PATHWAYS - ASHBURN HS,Pathways in Education- Ashburn,HS,60652,0,279,242,86.73835125,42,15.05376344,30,10.75268817,91,32.61648746,161,57.70609319,23,8.243727599,0,0,2,0.716845878,0,0,1,0.358422939,1,0.358422939,0,0,,,1,19.2,10,Level 2+,NOT APPLICABLE,Options
610568,,PATHWAYS - AVONDALE HS,Pathways in Education- Avondale,HS,60618,0,291,239,82.13058419,50,17.18213058,33,11.34020619,20,6.872852234,218,74.91408935,36,12.37113402,7,2.405498282,1,0.343642612,0,0,5,1.718213058,2,0.687285223,2,0.687285223,,,,23.7,8.7,Level 2+,NOT APPLICABLE,Options
400173,,PATHWAYS - BRIGHTON PARK HS,Pathways in Education- Brighton Park,HS,60632,0,408,341,83.57843137,42,10.29411765,67,16.42156863,12,2.941176471,378,92.64705882,14,3.431372549,3,0.735294118,1,0.245098039,0,0,0,0,0,0,0,0,,,,19.4,11.3,Level 2+,NOT APPLICABLE,Options
610594,,PATHWAYS - HUMBOLDT PARK HS,Pathways in Education - Humboldt Park HS,HS,60622,0,69,60,86.95652174,13,18.84057971,8,11.5942029,14,20.28985507,49,71.01449275,5,7.246376812,0,0,0,0,0,0,1,1.449275362,0,0,0,0,,,,,,Inability to Rate,GOOD STANDING,Options
609680,Payton College Preparatory HS,PAYTON HS,Walter Payton College Preparatory High School,HS,60610,0,1218,354,29.06403941,54,4.433497537,9,0.738916256,127,10.42692939,265,21.75697865,535,43.92446634,227,18.63711002,2,0.164203612,0,0,51,4.187192118,11,0.903119869,0,0,1,0,0,92.2,96.4,Level 1+,GOOD STANDING,ISP
610386,,PEACE AND EDUCATION HS,Peace & Education Coalition HS,HS,60609,0,92,86,93.47826087,25,27.17391304,24,26.08695652,17,18.47826087,74,80.43478261,1,1.086956522,0,0,0,0,0,0,0,0,0,0,0,0,,,1,18.4,,Level 1+,GOOD STANDING,ISP
400064,,PERSPECTIVES - JOSLIN HS,Perspectives - Rodney D. Joslin,HS,60616,0,377,334,88.59416446,67,17.77188329,5,1.326259947,351,93.10344828,21,5.570291777,0,0,2,0.530503979,0,0,0,0,2,0.530503979,1,0.265251989,0,0,1,0,1,80.7,95.7,Level 2+,NOT APPLICABLE,Charter
400061,,PERSPECTIVES - LEADERSHIP HS,Perspectives - Leadership Academy,HS,60620,0,506,467,92.29249012,71,14.03162055,1,0.197628458,502,99.20948617,1,0.197628458,0,0,0,0,0,0,0,0,2,0.395256917,1,0.197628458,0,0,0,0,1,60.5,76.2,Level 2+,NOT APPLICABLE,Charter
400066,,PERSPECTIVES - MATH & SCI HS,Perspectives - Math and Science Academy,HS,60653,0,508,467,91.92913386,104,20.47244094,6,1.181102362,499,98.22834646,8,1.57480315,0,0,0,0,0,0,0,0,1,0.196850394,0,0,0,0,0,0,1,59.7,83,Level 2,NOT APPLICABLE,Charter
400062,Perspectives Chtr - High School of Technology,PERSPECTIVES - TECH HS,Perspectives - High School of Technology,HS,60620,0,311,281,90.35369775,66,21.22186495,0,0,306,98.39228296,1,0.321543408,1,0.321543408,0,0,1,0.321543408,0,0,2,0.643086817,0,0,0,0,1,0,1,53.4,77.6,Level 2+,NOT APPLICABLE,Charter
609727,Phillips Academy High School,PHILLIPS HS,Wendell Phillips Academy High School,HS,60653,1,599,565,94.32387312,121,20.20033389,3,0.500834725,582,97.16193656,9,1.502504174,1,0.166944908,0,0,0,0,0,0,0,0,0,0,7,1.168614357,0,0,1,66.7,63.9,Level 2,INTENSIVE SUPPORT,AUSL
610304,Phoenix Military Academy HS,PHOENIX MILITARY HS,Phoenix Military Academy High School,HS,60612,0,556,501,90.10791367,37,6.654676259,40,7.194244604,77,13.84892086,445,80.03597122,8,1.438848921,18,3.237410072,2,0.35971223,0,0,4,0.71942446,2,0.35971223,0,0,1,0,1,70.4,95.8,Level 1+,GOOD STANDING,ISP
609679,Prosser Career Academy HS,PROSSER HS,Charles Allen Prosser Career Academy High School,HS,60639,0,1223,1127,92.15044971,137,11.20196239,79,6.459525756,240,19.62387572,947,77.43254293,22,1.798855274,5,0.408830744,7,0.572363042,0,0,0,0,1,0.081766149,1,0.081766149,1,0,1,76.5,90.6,Level 2+,GOOD STANDING,Network 15
610334,Raby High School,RABY HS,Al Raby High School,HS,60624,0,261,248,95.01915709,84,32.18390805,11,4.214559387,237,90.8045977,21,8.045977011,1,0.383141762,1,0.383141762,0,0,0,0,0,0,1,0.383141762,0,0,0,0,1,45.5,73,Level 2,INTENSIVE SUPPORT,Network 15
609682,Richards Career Academy HS,RICHARDS HS,Ellen H Richards Career Academy High School,HS,60609,1,222,213,95.94594595,48,21.62162162,67,30.18018018,106,47.74774775,113,50.9009009,1,0.45045045,0,0,0,0,0,0,0,0,0,0,2,0.900900901,1,0,1,37.8,64.3,Level 2,INTENSIVE SUPPORT,Network 16
610390,Rickover Naval Academy High Schl,RICKOVER MILITARY HS,Hyman G Rickover Naval Academy High School,HS,60634,0,394,322,81.72588832,47,11.92893401,35,8.883248731,22,5.583756345,308,78.17258883,37,9.390862944,23,5.837563452,2,0.507614213,0,0,1,0.253807107,0,0,1,0.253807107,0,0,1,68.3,88.7,Level 1,GOOD STANDING,ISP
609728,,ROOSEVELT HS,Theodore Roosevelt High School,HS,60625,1,988,925,93.62348178,205,20.74898785,354,35.82995951,114,11.53846154,717,72.5708502,59,5.971659919,76,7.692307692,12,1.214574899,0,0,3,0.303643725,5,0.506072874,2,0.20242915,1,1,1,67.3,68.8,Level 2+,GOOD STANDING,Network 14
609729,Schurz High School,SCHURZ HS,Carl Schurz High School,HS,60641,0,1517,1361,89.71654581,323,21.29202373,339,22.34673698,128,8.437705999,1248,82.26763349,83,5.471324984,29,1.911667765,5,0.329597891,0,0,16,1.05471325,7,0.461437047,1,0.065919578,1,0,1,63.8,70.6,Level 2,INTENSIVE SUPPORT,Network 14
609730,Senn High School,SENN HS,Nicholas Senn High School,HS,60660,1,1545,1185,76.69902913,185,11.97411003,289,18.70550162,371,24.01294498,649,42.00647249,201,13.00970874,265,17.15210356,10,0.647249191,3,0.194174757,28,1.812297735,6,0.388349515,12,0.776699029,1,0,1,80.1,82.1,Level 1,GOOD STANDING,Network 14
609692,Simeon Career Academy High School,SIMEON HS,Neal F Simeon Career Academy High School,HS,60620,0,1313,1193,90.86062452,163,12.41431835,5,0.380807312,1293,98.47677075,13,0.99009901,0,0,0,0,0,0,0,0,7,0.533130236,0,0,0,0,0,0,1,61.8,90.2,Level 2,PROVISIONAL SUPPORT,Network 17
609750,,SIMPSON HS,Simpson Academy HS for Young Women,HS,60608,0,31,30,96.77419355,6,19.35483871,3,9.677419355,23,74.19354839,8,25.80645161,0,0,0,0,0,0,0,0,0,0,0,0,0,0,,,1,40,,Level 1,GOOD STANDING,Network 15
610383,School of Social Justice HS,SOCIAL JUSTICE HS,Greater Lawndale High School For Social Justice,HS,60623,1,319,307,96.23824451,47,14.73354232,90,28.21316614,41,12.85266458,275,86.20689655,2,0.626959248,0,0,1,0.313479624,0,0,0,0,0,0,0,0,1,0,1,56.9,86.5,Level 2+,GOOD STANDING,Network 15
610543,Solorio Academy High School,SOLORIO HS,Eric Solorio Academy High School,HS,60632,1,1212,1126,92.90429043,147,12.12871287,175,14.43894389,45,3.712871287,1150,94.88448845,9,0.742574257,0,0,6,0.495049505,0,0,2,0.165016502,0,0,0,0,1,0,1,73.5,90.2,Level 1,GOOD STANDING,AUSL
610547,South Shore Intl Col Prep HS,SOUTH SHORE INTL HS,South Shore Intl College Prep High School,HS,60649,0,581,478,82.27194492,49,8.43373494,4,0.688468158,562,96.72977625,13,2.237521515,0,0,1,0.17211704,0,0,0,0,5,0.860585198,0,0,0,0,0,0,1,85.7,94.5,Level 2+,GOOD STANDING,Network 17
609745,,SOUTHSIDE HS,Southside Occupational Academy High School,HS,60636,0,313,282,90.09584665,313,100,50,15.97444089,207,66.1341853,87,27.79552716,18,5.750798722,1,0.319488818,0,0,0,0,0,0,0,0,0,0,1,,1,0,,Inability to Rate,GOOD STANDING,ISP
610357,Spry Community Links High School,SPRY HS,Spry Community Links High School,HS,60623,0,100,96,96,26,26,36,36,0,0,98,98,1,1,0,0,1,1,0,0,0,0,0,0,0,0,1,0,1,57.1,75,Level 2,PROVISIONAL SUPPORT,Network 16
609732,Steinmetz College Prep HS,STEINMETZ HS,Charles P Steinmetz College Preparatory HS,HS,60634,1,1224,1070,87.41830065,231,18.87254902,279,22.79411765,204,16.66666667,877,71.6503268,85,6.944444444,32,2.614379085,9,0.735294118,0,0,13,1.062091503,3,0.245098039,1,0.081699346,1,0,1,63.2,74.4,Level 2,PROVISIONAL SUPPORT,Network 14
609733,Sullivan High School,SULLIVAN HS,Roger C Sullivan High School,HS,60626,1,648,590,91.04938272,159,24.53703704,285,43.98148148,233,35.95679012,228,35.18518519,50,7.716049383,92,14.19753086,2,0.308641975,0,0,7,1.080246914,2,0.308641975,34,5.24691358,1,1,1,61.9,72.4,Level 2+,GOOD STANDING,Network 14
609734,,TAFT HS,William Howard Taft High School,HS,60631,1,3644,1871,51.34467618,447,12.26673985,334,9.165751921,94,2.579582876,1471,40.36772777,1654,45.38968167,290,7.958287596,13,0.356750823,0,0,82,2.250274424,19,0.521405049,21,0.576289791,1,0,0,77.5,83.9,Level 1,GOOD STANDING,Network 14
609735,Tilden Career Communty Academy HS,TILDEN HS,Edward Tilden Career Community Academy HS,HS,60609,1,198,188,94.94949495,63,31.81818182,34,17.17171717,84,42.42424242,85,42.92929293,22,11.11111111,7,3.535353535,0,0,0,0,0,0,0,0,0,0,1,0,1,56.7,62,Level 2,INTENSIVE SUPPORT,Network 16
400077,,U OF C - WOODLAWN HS,University of Chicago - Woodlawn,HS,60637,1,620,490,79.03225806,84,13.5483871,5,0.806451613,593,95.64516129,9,1.451612903,1,0.161290323,0,0,1,0.161290323,0,0,1,0.161290323,0,0,15,2.419354839,0,0,1,74.4,79.1,Level 2+,NOT APPLICABLE,Charter
610394,Uplift Community High School,UPLIFT HS,Uplift Community High School,HS,60640,0,122,112,91.80327869,65,53.27868852,20,16.39344262,78,63.93442623,24,19.67213115,7,5.737704918,10,8.196721311,2,1.639344262,0,0,1,0.819672131,0,0,0,0,1,0,1,76.9,81,Level 2,INTENSIVE SUPPORT,Network 14
400105,Urban Prep Chtr Acad Bronzeville HS,URBAN PREP - BRONZEVILLE HS,Urban Prep Academy for Young Men - Bronzeville,HS,60616,0,289,242,83.73702422,81,28.02768166,0,0,284,98.26989619,1,0.346020761,1,0.346020761,1,0.346020761,1,0.346020761,0,0,1,0.346020761,0,0,0,0,0,0,1,75,72.8,Level 1,NOT APPLICABLE,
400086,Urban Prep Chtr Acad Englewood HS,URBAN PREP - ENGLEWOOD HS,Urban Prep Academy for Young Men - Englewood,HS,60621,0,227,187,82.37885463,61,26.8722467,0,0,227,100,0,0,0,0,0,0,0,0,0,0,0,0,0,0,0,0,0,0,1,70.8,81.4,Level 2,NOT APPLICABLE,Charter
609766,,VAUGHN HS,Jacqueline B Vaughn Occupational High School,HS,60641,0,219,163,74.42922374,219,100,68,31.05022831,45,20.54794521,119,54.33789954,52,23.74429224,0,0,0,0,0,0,2,0.913242009,1,0.456621005,0,0,,,1,6.1,0,Inability to Rate,GOOD STANDING,Network 14
609737,Von Steuben Metro Science HS,VON STEUBEN HS,Friedrich W von Steuben Metropolitan Science HS,HS,60625,0,1697,1147,67.58986447,112,6.599882145,68,4.007071302,169,9.958750737,929,54.74366529,296,17.44254567,257,15.14437242,7,0.412492634,0,0,33,1.944608132,6,0.353565115,0,0,0,0,1,82.9,91.5,Level 1+,GOOD STANDING,Network 14
609739,Washington G High School,WASHINGTON HS,George Washington High School,HS,60617,1,1443,1236,85.65488565,240,16.63201663,231,16.00831601,70,4.851004851,1279,88.63478863,69,4.781704782,3,0.207900208,13,0.900900901,0,0,9,0.623700624,0,0,0,0,1,0,1,62,80.9,Level 2+,GOOD STANDING,Network 17
609740,Wells Community Academy HS,WELLS HS,Wells Community Academy High School,HS,60622,1,367,335,91.28065395,100,27.2479564,46,12.53405995,179,48.77384196,165,44.95912807,17,4.632152589,2,0.544959128,0,0,0,0,4,1.089918256,0,0,0,0,1,0,1,57.8,73.9,Level 2,PROVISIONAL SUPPORT,Network 15
609693,Westinghouse High School,WESTINGHOUSE HS,George Westinghouse College Prep,HS,60624,0,1237,977,78.98140663,87,7.033144705,36,2.910266774,601,48.58528698,527,42.60307195,19,1.535974131,68,5.497170574,1,0.080840744,0,0,8,0.64672595,2,0.161681487,11,0.889248181,0,0,1,87.8,95.1,Level 1+,GOOD STANDING,Network 15
610380,Williams Medical Prep High Sch,WILLIAMS HS,Daniel Hale Williams Prep School of Medicine,HS,60615,0,123,119,96.74796748,16,13.00813008,0,0,121,98.37398374,1,0.81300813,0,0,0,0,0,0,0,0,1,0.81300813,0,0,0,0,1,0,1,79.3,92.5,Level 2,PROVISIONAL SUPPORT,Network 17
610392,World Language High School,WORLD LANGUAGE HS,World Language Academy High School,HS,60623,1,355,334,94.08450704,56,15.77464789,112,31.54929577,15,4.225352113,334,94.08450704,2,0.563380282,0,0,0,0,0,0,1,0.281690141,0,0,3,0.845070423,1,0,1,79.7,84.1,Level 1,GOOD STANDING,Network 15
400134,YCCS-Jane Addams Alternative HS,YCCS - ADDAMS,YCCS-Jane Addams Alternative HS,HS,60616,0,124,119,95.96774194,25,20.16129032,9,7.258064516,23,18.5483871,94,75.80645161,7,5.64516129,0,0,0,0,0,0,0,0,0,0,0,0,,,1,24.8,,Level 1+,NOT APPLICABLE,Options
400125,YCCS-ASPIRA Pantoja Alt HS,YCCS - ASPIRA PANTOJA,"YCCS-ASPIRA,Antonia Pantoja Alternative HS",HS,60641,0,162,151,93.20987654,26,16.04938272,28,17.28395062,8,4.938271605,149,91.97530864,0,0,1,0.617283951,1,0.617283951,0,0,0,0,0,0,3,1.851851852,1,1,1,20.8,,Level 2+,NOT APPLICABLE,Options
400126,YCCS-Association House,YCCS - ASSOCIATION HOUSE,YCCS-Association House HS,HS,60651,0,99,98,98.98989899,24,24.24242424,16,16.16161616,30,30.3030303,66,66.66666667,1,1.01010101,1,1.01010101,0,0,0,0,0,0,1,1.01010101,0,0,1,,1,21.1,,Level 1+,NOT APPLICABLE,Options
400127,YCCS-Austin Career Ed Cntr HS,YCCS - AUSTIN CAREER,YCCS-Austin Career Education Center HS,HS,60651,0,74,69,93.24324324,16,21.62162162,1,1.351351351,70,94.59459459,4,5.405405405,0,0,0,0,0,0,0,0,0,0,0,0,0,0,0,,1,7.8,,Level 1+,NOT APPLICABLE,Options
400131,YCCS-Albizu Campos Puerto Rican HS,YCCS - CAMPOS,YCCS-Dr. Pedro Albizu Campos Puerto Rican HS,HS,60622,0,171,159,92.98245614,62,36.25730994,18,10.52631579,36,21.05263158,130,76.02339181,3,1.754385965,0,0,1,0.584795322,0,0,0,0,1,0.584795322,0,0,1,,1,30.2,,Level 1,NOT APPLICABLE,Options
400128,YCCS-CCA Academy HS,YCCS - CCA ACADEMY,YCCS-CCA Academy HS,HS,60623,0,96,94,97.91666667,24,25,0,0,92,95.83333333,2,2.083333333,0,0,0,0,0,0,0,0,1,1.041666667,1,1.041666667,0,0,0,,1,13.7,,Level 1,NOT APPLICABLE,Options
400150,YCCS Chtr - Chatham,YCCS - CHATHAM,YCCS-Chatham AcademyHS,HS,60619,0,125,116,92.8,26,20.8,0,0,120,96,1,0.8,0,0,0,0,0,0,0,0,0,0,0,0,4,3.2,0,,1,23.1,,Level 1,NOT APPLICABLE,Options
400133,YCCS-Innovations of Arts Integr HS,YCCS - INNOVATIONS,YCCS- Innovations HS of Arts Integration,HS,60602,0,319,311,97.49216301,68,21.31661442,1,0.313479624,295,92.47648903,17,5.329153605,5,1.567398119,1,0.313479624,0,0,0,0,1,0.313479624,0,0,0,0,0,,1,18.7,,Level 2+,NOT APPLICABLE,Options
400135,YCCS-Latino Youth Alternative HS,YCCS - LATINO YOUTH,YCCS-Latino Youth Alternative HS,HS,60608,0,101,99,98.01980198,20,19.8019802,25,24.75247525,5,4.95049505,96,95.04950495,0,0,0,0,0,0,0,0,0,0,0,0,0,0,1,1,1,9.9,,Level 1,NOT APPLICABLE,Options
400124,YCCS- McKinley-Lakeside Leadership Academy,YCCS - MCKINLEY,YCCS- McKinley Lakeside Leadership HS,HS,60616,0,126,122,96.82539683,35,27.77777778,0,0,125,99.20634921,1,0.793650794,0,0,0,0,0,0,0,0,0,0,0,0,0,0,0,,1,15.8,,Level 1,NOT APPLICABLE,Options
400136,YCCS-Olive Harvey Mid College HS,YCCS - OLIVE HARVEY,YCCS-Olive Harvey Middle College HS,HS,60628,0,101,93,92.07920792,21,20.79207921,6,5.940594059,80,79.20792079,16,15.84158416,0,0,0,0,1,0.99009901,0,0,1,0.99009901,0,0,3,2.97029703,0,,1,16,,Level 2,NOT APPLICABLE,Options
400129,YCCS-Progressive Leadership Academy,YCCS - PROGRESSIVE LEADERSHIP,YCCS-Progressive Leadership Academy,HS,60637,0,129,125,96.89922481,33,25.58139535,0,0,124,96.12403101,2,1.550387597,0,0,0,0,0,0,0,0,2,1.550387597,0,0,1,0.775193798,0,,1,14.9,,Level 1+,NOT APPLICABLE,Options
400123,YCCS-Scholastic Achievement HS,YCCS - SCHOLASTIC ACHIEVEMENT,YCCS- Academy of Scholastic Achievement HS,HS,60644,0,106,98,92.45283019,19,17.9245283,0,0,101,95.28301887,3,2.830188679,0,0,0,0,1,0.943396226,0,0,0,0,0,0,1,0.943396226,0,,1,11.5,,Level 1+,NOT APPLICABLE,Options
400139,YCCS-Sullivan House Alt HS,YCCS - SULLIVAN,YCCS-Sullivan House Alternative HS,HS,60617,0,296,284,95.94594595,45,15.2027027,3,1.013513514,266,89.86486486,27,9.121621622,0,0,0,0,2,0.675675676,0,0,1,0.337837838,0,0,0,0,0,,1,7.8,,Level 1+,NOT APPLICABLE,Options
400141,YCCS-Truman Middle College HS,YCCS - TRUMAN,YCCS-Truman Middle College HS,HS,60640,0,161,121,75.1552795,20,12.42236025,49,30.43478261,59,36.64596273,63,39.13043478,17,10.55900621,17,10.55900621,2,1.242236025,0,0,3,1.863354037,0,0,0,0,,,,47.9,,Level 1,NOT APPLICABLE,Options
400144,YCCS-Westside Holistic Ldr Acad HS,YCCS - WEST,YCCS-West HS,HS,60651,0,139,128,92.08633094,27,19.42446043,4,2.877697842,90,64.74820144,46,33.09352518,3,2.158273381,0,0,0,0,0,0,0,0,0,0,0,0,1,,1,16.9,,Level 2+,NOT APPLICABLE,Options
400143,YCCS-West Town Academy Alt HS,YCCS - WEST TOWN,YCCS-West Town Acad Alternative HS,HS,60612,0,117,109,93.16239316,24,20.51282051,8,6.837606838,71,60.68376068,40,34.18803419,0,0,0,0,2,1.709401709,0,0,0,0,0,0,4,3.418803419,1,,1,18,,Level 1,NOT APPLICABLE,Options
400145,YCCS-Youth Connection Leadership Academy,YCCS - YOUTH CONNECTION,YCCS-Youth Connection Leadership Acad HS,HS,60616,0,110,107,97.27272727,29,26.36363636,0,0,103,93.63636364,4,3.636363636,3,2.727272727,0,0,0,0,0,0,0,0,0,0,0,0,0,,1,16.8,,Level 1,NOT APPLICABLE,Options
400130,YCCS-Community Youth Dev Inst HS,YCCS - YOUTH DEVELOPMENT,YCCS-Community Youth Development Institute HS,HS,60620,0,95,93,97.89473684,30,31.57894737,0,0,93,97.89473684,0,0,0,0,0,0,1,1.052631579,0,0,1,1.052631579,0,0,0,0,0,,1,22.4,,Level 1,NOT APPLICABLE,Options
609748,,YORK HS,Consuella B York Alternative HS,HS,60608,0,139,138,99.28057554,53,38.1294964,6,4.316546763,106,76.25899281,26,18.70503597,3,2.158273381,0,0,2,1.438848921,0,0,2,1.438848921,0,0,0,0,,,1,4,1.6,Inability to Rate,GOOD STANDING,Network 16
609755,,YOUNG HS,Whitney M Young Magnet High School,HS,60607,0,2194,786,35.82497721,120,5.46946217,28,1.27620784,424,19.325433,622,28.35004558,602,27.43846855,415,18.91522334,5,0.227894257,0,0,94,4.284412033,12,0.546946217,20,0.911577028,1,0,0,88.4,99.1,Level 1+,GOOD STANDING,ISP